{"losses": [3981.9932653376136, 3914.5028972017417, 3763.371580221354, 3684.007098665365, 3431.2928330904133, 3442.3703651249184, 3693.1695585921225, 3708.0516854720054, 3427.5213719921876, 3381.1486477701824, 3324.509912727865, 3394.5650602929686, 3661.2505062141927, 3656.2119630761713, 3495.0723175976564, 3454.5313302343748, 3495.2362856966147, 3377.051487978516, 3364.904138046875, 3504.5024467122394, 3640.2358429296874, 3752.7134651757815, 3415.9943314843754, 3635.791669091797, 3360.638601663412, 3576.535959505208, 3966.9706800520835, 3635.2188459114586, 3596.4718741145834, 3663.7269556184897, 3654.4616467447913, 3500.2676157495116, 3710.856110390625, 3687.7345398697917, 3841.4507371223963, 3725.053817122396, 3976.622861901042, 3798.0282363736974, 3741.1084545442704, 3812.6429432682294, 3788.0478092708336], "saved_iterations": [31], "num_rep": 41, "epochs": 5, "batch_size": 15000, "min_batch_size": 64, "learning_rate": 0.00025, "discount_factor": 0.995}