{"stage_1_losses": [25162.150348115352, 21185.926415357117, 19075.442265830592, 18939.385393421067, 18537.82266477109, 20017.305549925626, 20339.721073427492, 21321.421434960437], "stage_2_losses": [21554.992158990186, 23394.68719085085, 23677.643059405378, 24153.066147111178, 25502.768429118347, 25757.586009509385, 25284.39696657676, 25825.121866903595], "stage_3_losses": [32236.422177021304, 26455.540789336043, 24249.352716606427, 23270.28789477441, 23172.62603917569, 22015.093365396107, 21559.729465124055, 21604.596549848], "stage_4_losses": [35889.34364256772, 30135.64216081045, 26909.045849493807, 24994.9006108343, 23683.159961293048, 21768.155193931354, 21330.047039043337, 20214.681846759926, 18571.211557908857, 18091.531301390358], "stage_5_losses": [55522.88432068214, 39290.38473878247, 32275.61007705066, 28626.444818850232, 26010.65447374878, 24836.06496834508, 23939.818129545994, 23072.096327885472, 23290.930710002955, 22704.970693076524], "stage_6_losses": [10349.365911478237, 9465.858654772213, 8829.065562545611, 8834.650914971293, 8851.995523649553, 8702.68000209614, 8293.70642664017, 8315.193405036076, 8205.63367738892]}