{"losses": [5037.316986076355, 4457.551062561035, 4298.331737933349, 4291.659736035156, 4171.866528369141, 4190.5029791625975, 4206.332645056153, 4028.4603671142577, 4106.0725221679695, 4196.539233422851, 4016.290584106445, 3951.0676232910164, 4048.6982679443363, 4014.819042895508, 3921.2915919433594, 3935.8314981445315, 3933.2412577148434, 3683.249168725586, 3866.5051718505865, 3623.8858735839844, 3537.8283543945313, 3714.5018349853517, 3667.0153408203123, 3634.605023828125, 3704.828425390625, 3566.251954833984, 3683.586068249512, 3731.6147682128903, 3664.148834936523, 3492.489825463867, 3710.394931970215], "saved_iterations": [10, 21, 29], "num_rep": 31, "epochs": 5, "batch_size": 16000, "min_batch_size": 64, "learning_rate": 0.00025, "discount_factor": 0.995}